horas_consumo_mensual,gasto_mensual,cantidad_contenidos_vistos,sesiones_semana,porcentaje_finalizacion,tiempo_promedio_sesion_min,cantidad_generos_consumidos,porcentaje_uso_promociones,antiguedad_cliente_meses,edad,dispositivos_registrados,porcentaje_uso_app_movil,cantidad_perfiles_creados,interacciones_mensuales_soporte,distancia_promedio_red_km,satisfaccion_usuario,reclamos_ultimos_3_meses,plan_streaming_codigo,dispositivo_principal_codigo,cluster
46.480519480519476,428.0909090909091,25.428571428571427,4.896103896103895,84.012987012987,212.1688311688312,9.324675324675326,0.08884051512199581,70.81818181818181,39.72727272727273,2.987012987012987,0.6107792207792208,2.7662337662337664,3.792207792207792,35.61818181818182,78.98701298701299,1.922077922077922,2.4285714285714284,2.896103896103896,0
28.866071428571427,212.0,49.01785714285714,15.017857142857142,67.83928571428572,114.88392857142857,6.017857142857142,0.3055260816624656,43.705357142857146,43.82142857142857,2.9642857142857144,0.6008035714285714,2.9017857142857144,3.223214285714286,46.004464285714285,76.54464285714286,1.9821428571428572,2.4464285714285716,3.0892857142857144,1
35.5045045045045,79.67567567567568,10.24324324324325,3.468468468468471,37.81081081081082,43.864864864864884,2.5855855855855854,0.5214786859533397,14.63963963963964,48.153153153153156,3.27027027027027,0.5674774774774775,2.864864864864865,3.612612612612613,39.832432432432434,75.67567567567568,2.0720720720720722,2.6036036036036037,2.981981981981982,2
